Line 5 x;Line 5 y
1,411431447656E-2;1,001087676254E0
7,386066239041E-2;1,001087676254E0
1,933533582181E-1;1,001087676254E0
2,929306047412E-1;9,997618210996E-1
5,622551001919E-1;1,000745365766E0
6,056868181165E-1;1,001595357296E0
9,899713304029E-1;1,000424748677E0
1,246915304136E0;1,000572811094E0
1,285314044329E0;1,000572811094E0
1,332245837897E0;1,000572811094E0
1,370644578089E0;1,000572811094E0
1,409043318282E0;1,000572811094E0
1,447442058474E0;1,000572811094E0
1,485840798666E0;1,000572811094E0
1,524239538858E0;1,000572811094E0
1,562638279051E0;1,000572811094E0
1,601037019243E0;1,000572811094E0
1,639435759435E0;1,000572811094E0
1,677834499627E0;1,000572811094E0
1,716233239820E0;1,000572811094E0
1,754631980012E0;1,000572811094E0
1,793030720204E0;1,000572811094E0
1,831429460396E0;1,000572811094E0
1,869828200589E0;1,000572811094E0
1,908226940781E0;1,000572811094E0
1,958145303031E0;1,000572811094E0
2,020360404699E0;1,000508901956E0
2,064993079559E0;9,999911423510E-1
2,101559003427E0;9,989546808901E-1
2,125412542505E0;9,980839052341E-1
2,135886138275E0;9,967316056344E-1
2,138619381934E0;9,939688668723E-1
2,138619381934E0;9,951050293190E-1
2,140740710938E0;9,922416814605E-1
2,145019171966E0;9,935428059548E-1
2,151002386541E0;9,910370059211E-1
2,177106400180E0;9,898805098401E-1
2,204794304847E0;9,891277041775E-1
2,271432606940E0;9,882053395154E-1
2,318956322480E0;9,879621687582E-1
2,365583364142E0;9,878366329521E-1
2,407410563280E0;9,877909835681E-1
2,445809303472E0;9,877909835681E-1
2,484208043665E0;9,877909835681E-1
2,522606783857E0;9,877909835681E-1
2,561005524049E0;9,877909835681E-1
2,599404264241E0;9,877909835681E-1
2,637803004434E0;9,877909835681E-1
2,676201744626E0;9,877909835681E-1
2,714600484818E0;9,877909835681E-1
2,752999225010E0;9,877909835681E-1
2,791397965203E0;9,877909835681E-1
2,829796705395E0;9,877909835681E-1
2,868195445587E0;9,877909835681E-1
2,906594185779E0;9,877909835681E-1
2,944992925972E0;9,877909835681E-1
2,983391666164E0;9,877909835681E-1
3,021790406356E0;9,877909835681E-1
3,060189146549E0;9,877909835681E-1
3,098587886741E0;9,877909835681E-1
3,136986626933E0;9,877909835681E-1
3,178813826071E0;9,877909835681E-1
3,225440867733E0;9,877909835681E-1
3,286183001855E0;9,877247074254E-1
3,323014116711E0;9,874452010118E-1
3,371150852432E0;9,863958894444E-1
3,401552305886E0;9,850822705594E-1
3,424123873037E0;9,835143971084E-1
3,424266090594E0;9,832076586086E-1
3,424977178375E0;9,814000698052E-1
3,425558977469E0;9,794827956763E-1
3,434834425973E0;9,783804382984E-1
3,463671293492E0;9,770073700405E-1
3,492830060074E0;9,756370685808E-1
3,511817406194E0;9,758854486409E-1
3,527433845778E0;9,750963048663E-1
3,547853146990E0;9,753926108680E-1
3,597771509240E0;9,750091560423E-1
3,636170249432E0;9,750091560423E-1
3,674568989625E0;9,750091560423E-1
3,712967729817E0;9,750091560423E-1
3,751366470009E0;9,750091560423E-1
3,801284832259E0;9,750091560423E-1
3,860757166771E0;9,749612241890E-1
3,897979765540E0;9,744638019695E-1
3,939413913495E0;9,734227401893E-1
3,975068221584E0;9,719147003442E-1
3,981758911163E0;9,690016971051E-1
3,981758911163E0;9,706886320505E-1
3,987198732690E0;9,659873161136E-1
4,003321280655E0;9,646334973063E-1
4,011216230424E0;9,664063774589E-1
4,031737579126E0;9,634641230262E-1
4,064238842477E0;9,626730963475E-1
4,106115974042E0;9,623040194816E-1
4,162095851708E0;9,622273285164E-1
4,208722893370E0;9,622273285164E-1
4,250550092508E0;9,622273285164E-1
4,288948832701E0;9,622273285164E-1
4,327347572893E0;9,622273285164E-1
4,365746313085E0;9,622273285164E-1
4,404145053277E0;9,622273285164E-1
4,442543793470E0;9,622273285164E-1
4,480942533662E0;9,622273285164E-1
4,519341273854E0;9,622273285164E-1
4,557740014046E0;9,622273285164E-1
4,596138754239E0;9,622273285164E-1
4,634537494431E0;9,622273285164E-1
4,672936234623E0;9,622273285164E-1
4,711334974815E0;9,622273285164E-1
4,749733715008E0;9,622273285164E-1
4,788132455200E0;9,622273285164E-1
4,826531195392E0;9,622273285164E-1
4,864929935584E0;9,622273285164E-1
4,903328675777E0;9,622273285164E-1
4,941727415969E0;9,622273285164E-1
4,980126156161E0;9,622273285164E-1
5,021953355299E0;9,622273285164E-1
5,068580396961E0;9,622273285164E-1
5,129322531083E0;9,621610523737E-1
5,166153645939E0;9,618815459601E-1
5,214290381660E0;9,608322343927E-1
5,244691835114E0;9,595186155077E-1
5,267263402266E0;9,579507420567E-1
5,267405619822E0;9,576440035569E-1
5,268116707603E0;9,558364147535E-1
5,268698506697E0;9,539191406246E-1
5,277973955201E0;9,528167832467E-1
5,306810822720E0;9,514437149888E-1
5,342945021824E0;9,504860728468E-1
5,345495028072E0;9,498529403645E-1
5,402512298276E0;9,497650466787E-1
5,477846969510E0;9,493567382994E-1
5,528908151409E0;9,484720985938E-1
5,559401696414E0;9,473352704269E-1
5,573386692132E0;9,460619686469E-1
5,575306629141E0;9,300559251277E-1
5,575306629141E0;9,314824683783E-1
5,575306629141E0;9,328291252069E-1
5,575306629141E0;9,341073079595E-1
5,575306629141E0;9,353854907121E-1
5,575306629141E0;9,366636734647E-1
5,575306629141E0;9,379418562173E-1
5,575306629141E0;9,392200389699E-1
5,575306629141E0;9,404982217225E-1
5,575306629141E0;9,417764044750E-1
5,575306629141E0;9,431230613037E-1
5,575306629141E0;9,445496045543E-1
5,575742978462E0;9,287663300291E-1
5,585163876739E0;9,272531281950E-1
5,614000744258E0;9,258800599371E-1
5,643159510840E0;9,245097584774E-1
5,662146856961E0;9,247581385375E-1
5,677763296544E0;9,239689947629E-1
5,698182597756E0;9,242653007646E-1
5,748100960006E0;9,238818459388E-1
5,798019322256E0;9,238818459388E-1
5,847069141573E0;9,238618743333E-1
5,887766219059E0;9,235371508215E-1
5,925169898102E0;9,228067414645E-1
5,949198431550E0;9,220667065429E-1
5,977654640800E0;9,208953848484E-1
5,995026192076E0;9,195733049103E-1
5,996559475104E0;9,194059872375E-1
6,004092561288E0;9,166624803918E-1
6,006515338943E0;9,153259678708E-1
6,011427705248E0;9,141239758042E-1
6,026975131667E0;9,129317942369E-1
6,104415013442E0;9,083333536088E-1
6,128346262480E0;9,067121827137E-1
6,132088361929E0;9,038143767233E-1
6,132088361929E0;9,055013116686E-1
6,143607983987E0;9,018172161723E-1
6,144381737203E0;9,004850149820E-1
6,162894623947E0;8,991326692718E-1
6,168964578646E0;9,004399742564E-1
6,245830084771E0;8,964444911703E-1
6,245830084771E0;8,964444911703E-1
6,249565234953E0;8,957072121189E-1
6,276706993822E0;8,942072563589E-1
6,282803417183E0;8,931217693394E-1
6,285246973378E0;8,918731722293E-1
6,285246973378E0;8,918731722293E-1
6,285683322698E0;8,787574298342E-1
6,285683322698E0;8,803095088909E-1
6,285683322698E0;8,817018151035E-1
6,285683322698E0;8,829799978561E-1
6,285683322698E0;8,842581806087E-1
6,285683322698E0;8,855363633613E-1
6,285683322698E0;8,868145461139E-1
6,285683322698E0;8,880927288665E-1
6,285683322698E0;8,894850350791E-1
6,285683322698E0;8,910371141358E-1
6,287114548469E0;8,768417326840E-1
6,290026037362E0;8,776656487330E-1
6,305370757589E0;8,744528927331E-1
6,307739741915E0;8,758480424259E-1
6,322482115382E0;8,746984387717E-1
6,325930353899E0;8,732712371164E-1
6,346788211041E0;8,721937613511E-1
6,365345958117E0;8,712923823663E-1
6,394188853696E0;8,696697633401E-1
6,398575618863E0;8,673021734080E-1
6,398575618863E0;8,673021734080E-1
6,400879543275E0;8,267399567424E-1
6,400879543275E0;8,280181394949E-1
6,400879543275E0;8,292963222475E-1
6,400879543275E0;8,305745050001E-1
6,400879543275E0;8,318526877527E-1
6,400879543275E0;8,331308705053E-1
6,400879543275E0;8,344090532579E-1
6,400879543275E0;8,356872360104E-1
6,400879543275E0;8,369654187630E-1
6,400879543275E0;8,382436015156E-1
6,400879543275E0;8,395217842682E-1
6,400879543275E0;8,407999670208E-1
6,400879543275E0;8,420781497734E-1
6,400879543275E0;8,433563325260E-1
6,400879543275E0;8,446345152785E-1
6,400879543275E0;8,459126980311E-1
6,400879543275E0;8,471908807837E-1
6,400879543275E0;8,484690635363E-1
6,400879543275E0;8,497472462889E-1
6,400879543275E0;8,510254290415E-1
6,400879543275E0;8,523036117941E-1
6,400879543275E0;8,535817945466E-1
6,400879543275E0;8,548599772992E-1
6,400879543275E0;8,561381600518E-1
6,400879543275E0;8,574163428044E-1
6,400879543275E0;8,586945255570E-1
6,400879543275E0;8,599727083096E-1
6,400879543275E0;8,612508910622E-1
6,400879543275E0;8,625290738147E-1
6,400879543275E0;8,638072565673E-1
6,400879543275E0;8,650854393199E-1
6,400879543275E0;8,667470768983E-1
6,400879543275E0;8,684340118436E-1
6,418891197870E0;8,238215098053E-1
6,420307477300E0;8,253298979915E-1
6,434370392540E0;8,228291878464E-1
6,544396912597E0;8,179499603519E-1
6,549994651021E0;8,170364193456E-1
6,552122693091E0;8,159265008610E-1
6,552122693091E0;8,159265008610E-1
6,554474504044E0;8,143131799811E-1
6,557797471945E0;8,122866594631E-1
6,557797471945E0;8,122866594631E-1
6,566346544331E0;8,109681856018E-1
6,566346544331E0;8,109736479212E-1
6,575836824156E0;8,102927688553E-1
6,598183155495E0;8,090780474956E-1
6,620890102821E0;8,081187276413E-1
6,673000529904E0;8,058941525237E-1
6,684191460337E0;8,055945318872E-1
6,701378775234E0;8,044824429582E-1
6,708069464813E0;8,015597565164E-1
6,708069464813E0;8,032466914618E-1
6,729310885794E0;7,978768094374E-1
6,748827101972E0;7,966027796437E-1
6,751579148433E0;7,981009703179E-1
6,814926565045E0;7,932778746585E-1
6,826629677586E0;7,926107019945E-1
6,839931805265E0;7,914802457208E-1
6,840370578748E0;7,892169930660E-1
6,842465055486E0;7,753958120648E-1
6,842465055486E0;7,768223553155E-1
6,842465055486E0;7,781690121441E-1
6,842465055486E0;7,794471948967E-1
6,842465055486E0;7,807253776493E-1
6,842465055486E0;7,820035604019E-1
6,842465055486E0;7,832817431544E-1
6,842465055486E0;7,845599259070E-1
6,842465055486E0;7,858381086596E-1
6,842465055486E0;7,871162914122E-1
6,842465055486E0;7,884629482408E-1
6,842465055486E0;7,898894914915E-1
6,844001005093E0;7,738578843172E-1
6,860567744946E0;7,722943076692E-1
6,880659668731E0;7,712711466606E-1
6,907347908457E0;7,701409632072E-1
6,934378083907E0;7,690874937152E-1
6,952460782732E0;7,675651614489E-1
6,969607550789E0;7,674312818043E-1
6,976860646158E0;7,117035090097E-1
6,976860646158E0;7,129816917622E-1
6,976860646158E0;7,142598745148E-1
6,976860646158E0;7,155380572674E-1
6,976860646158E0;7,168162400200E-1
6,976860646158E0;7,180944227726E-1
6,976860646158E0;7,193726055252E-1
6,976860646158E0;7,206507882778E-1
6,976860646158E0;7,219289710303E-1
6,976860646158E0;7,232071537829E-1
6,976860646158E0;7,244853365355E-1
6,976860646158E0;7,257635192881E-1
6,976860646158E0;7,270417020407E-1
6,976860646158E0;7,283198847933E-1
6,976860646158E0;7,295980675459E-1
6,976860646158E0;7,308762502984E-1
6,976860646158E0;7,321544330510E-1
6,976860646158E0;7,334326158036E-1
6,976860646158E0;7,347107985562E-1
6,976860646158E0;7,359889813088E-1
6,976860646158E0;7,372671640614E-1
6,976860646158E0;7,385453468140E-1
6,976860646158E0;7,398235295665E-1
6,976860646158E0;7,411017123191E-1
6,976860646158E0;7,423798950717E-1
6,976860646158E0;7,436580778243E-1
6,976860646158E0;7,449362605769E-1
6,976860646158E0;7,462144433295E-1
6,976860646158E0;7,474926260821E-1
6,976860646158E0;7,487708088346E-1
6,976860646158E0;7,500489915872E-1
6,976860646158E0;7,513271743398E-1
6,976860646158E0;7,526053570924E-1
6,976860646158E0;7,538835398450E-1
6,976860646158E0;7,551617225976E-1
6,976860646158E0;7,564399053502E-1
6,976860646158E0;7,577180881027E-1
6,976860646158E0;7,589962708553E-1
6,976860646158E0;7,602744536079E-1
6,976860646158E0;7,615526363605E-1
6,976860646158E0;7,628308191131E-1
6,976860646158E0;7,644924566914E-1
6,976860646158E0;7,661793916368E-1
6,992911177077E0;7,090601725352E-1
6,996288580184E0;7,102934502588E-1
7,004981565346E0;7,078441868438E-1
7,023204268548E0;7,066549914662E-1
7,084098817616E0;6,649833945088E-1
7,101165658798E0;7,020190152449E-1
7,104014266921E0;6,431067844544E-1
7,104014266921E0;6,470843499188E-1
7,104014266921E0;6,517248429607E-1
7,106198527310E0;7,006045635832E-1
7,107575771502E0;6,994853148185E-1
7,107575771502E0;6,994853148185E-1
7,111256236831E0;6,707590548352E-1
7,111256236831E0;6,722076619548E-1
7,111256236831E0;6,733580264321E-1
7,111256236831E0;6,766447820816E-1
7,111256236831E0;6,784707574424E-1
7,111256236831E0;6,802967328033E-1
7,111256236831E0;6,827313666177E-1
7,111256236831E0;6,848616712054E-1
7,111256236831E0;6,861398539580E-1
7,111256236831E0;6,874180367105E-1
7,111256236831E0;6,886962194631E-1
7,111256236831E0;6,899744022157E-1
7,111256236831E0;6,912525849683E-1
7,111256236831E0;6,925307677209E-1
7,111256236831E0;6,938089504735E-1
7,111256236831E0;6,950871332261E-1
7,111256236831E0;6,963653159786E-1
7,111256236831E0;6,977119728073E-1
7,111256236831E0;6,991385160579E-1
7,111256236831E0;7,008183288540E-1
7,111256236831E0;6,746362091847E-1
7,111256236831E0;6,759143919373E-1
7,111256236831E0;6,810271229476E-1
7,111256236831E0;6,835834884528E-1
7,283253310662E0;6,384662914125E-1
7,283253310662E0;6,424438568770E-1
7,284050567696E0;5,976378715105E-1
7,284050567696E0;5,959912813217E-1
7,284050567696E0;5,976378715105E-1
7,284050567696E0;5,998107821899E-1
7,284050567696E0;6,014773651182E-1
7,284050567696E0;6,029666762719E-1
7,284050567696E0;6,043361577925E-1
7,284050567696E0;6,056143405451E-1
7,284050567696E0;6,068925232977E-1
7,284050567696E0;6,081707060502E-1
7,284050567696E0;6,094488888028E-1
7,284050567696E0;6,107270715554E-1
7,284050567696E0;6,120052543080E-1
7,284050567696E0;6,132834370606E-1
7,284050567696E0;6,145616198132E-1
7,284050567696E0;6,158398025658E-1
7,284050567696E0;6,171179853183E-1
7,284050567696E0;6,183961680709E-1
7,284050567696E0;6,196743508235E-1
7,284050567696E0;6,209525335761E-1
7,284050567696E0;6,222307163287E-1
7,284050567696E0;6,235088990813E-1
7,284050567696E0;6,247870818339E-1
7,284050567696E0;6,260652645864E-1
7,284050567696E0;6,273434473390E-1
7,284050567696E0;6,286216300916E-1
7,284050567696E0;6,298998128442E-1
7,284050567696E0;6,311779955968E-1
7,284050567696E0;6,324561783494E-1
7,284050567696E0;6,339516521699E-1
7,284632366790E0;5,950760034870E-1
7,285918142788E0;5,947834846934E-1
7,289403119360E0;5,938366611362E-1
7,367247838113E0;5,892109952202E-1
7,390799065431E0;5,882438369374E-1
7,426147723874E0;5,862529987109E-1
7,437645528466E0;5,199760961218E-1
7,437645528466E0;5,212542788744E-1
7,437645528466E0;5,225324616270E-1
7,437645528466E0;5,238106443796E-1
7,437645528466E0;5,250888271322E-1
7,437645528466E0;5,263670098848E-1
7,437645528466E0;5,276451926374E-1
7,437645528466E0;5,289233753899E-1
7,437645528466E0;5,302015581425E-1
7,437645528466E0;5,322466505467E-1
7,437645528466E0;5,353142891529E-1
7,437645528466E0;5,365924719055E-1
7,437645528466E0;5,378706546580E-1
7,437645528466E0;5,391488374106E-1
7,437645528466E0;5,404270201632E-1
7,437645528466E0;5,417052029158E-1
7,437645528466E0;5,429833856684E-1
7,437645528466E0;5,442615684210E-1
7,437645528466E0;5,455397511736E-1
7,437645528466E0;5,468179339261E-1
7,437645528466E0;5,480961166787E-1
7,437645528466E0;5,493742994313E-1
7,437645528466E0;5,506524821839E-1
7,437645528466E0;5,519306649365E-1
7,437645528466E0;5,532088476891E-1
7,437645528466E0;5,544870304417E-1
7,437645528466E0;5,557652131942E-1
7,437645528466E0;5,570433959468E-1
7,437645528466E0;5,583215786994E-1
7,437645528466E0;5,595997614520E-1
7,437645528466E0;5,608779442046E-1
7,437645528466E0;5,621561269572E-1
7,437645528466E0;5,634343097097E-1
7,437645528466E0;5,647124924623E-1
7,437645528466E0;5,659906752149E-1
7,437645528466E0;5,672688579675E-1
7,437645528466E0;5,685470407201E-1
7,437645528466E0;5,698252234727E-1
7,437645528466E0;5,711034062253E-1
7,437645528466E0;5,723815889778E-1
7,437645528466E0;5,736597717304E-1
7,437645528466E0;5,749379544830E-1
7,437645528466E0;5,762161372356E-1
7,437645528466E0;5,774943199882E-1
7,437645528466E0;5,787725027408E-1
7,437645528466E0;5,800506854934E-1
7,437645528466E0;5,813288682459E-1
7,437645528466E0;5,829905058243E-1
7,437645528466E0;5,846774407696E-1
7,437645528466E0;5,314797408951E-1
7,437645528466E0;5,340361064003E-1
7,445325276504E0;5,183144585435E-1
7,459555920728E0;5,174587862008E-1
7,463198975808E0;5,159082287902E-1
7,488843848722E0;5,152894260290E-1
7,527114593113E0;4,586233239977E-1
7,534175694782E0;4,567060498689E-1
7,572681098142E0;4,989340125574E-1
7,584640705764E0;4,875555231787E-1
7,587720604717E0;4,892091721148E-1
7,588520578471E0;4,864237988665E-1
7,591240489235E0;4,918560755650E-1
7,591240489235E0;4,931342583176E-1
7,591240489235E0;4,944124410701E-1
7,591240489235E0;4,956906238227E-1
7,591240489235E0;4,969688065753E-1
7,603788648976E0;4,851319212987E-1
7,621106176051E0;4,586233239977E-1
7,628039281919E0;4,839561960525E-1
7,648838599523E0;3,985487346262E-1
7,648838599523E0;3,998269173788E-1
7,648838599523E0;4,011051001314E-1
7,648838599523E0;4,023832828840E-1
7,648838599523E0;4,036614656366E-1
7,648838599523E0;4,049396483892E-1
7,648838599523E0;4,062178311417E-1
7,648838599523E0;4,074960138943E-1
7,648838599523E0;4,087741966469E-1
7,648838599523E0;4,100523793995E-1
7,648838599523E0;4,113305621521E-1
7,648838599523E0;4,126087449047E-1
7,648838599523E0;4,138869276573E-1
7,648838599523E0;4,151651104098E-1
7,648838599523E0;4,164432931624E-1
7,648838599523E0;4,177214759150E-1
7,648838599523E0;4,189996586676E-1
7,648838599523E0;4,202778414202E-1
7,648838599523E0;4,215560241728E-1
7,648838599523E0;4,228342069254E-1
7,648838599523E0;4,241123896779E-1
7,648838599523E0;4,253905724305E-1
7,675169164226E0;4,269426514872E-1
7,680197570680E0;3,974622792865E-1
7,680763538506E0;4,281934446094E-1
7,683996811112E0;3,954275002617E-1
7,706436709811E0;4,295091613000E-1
7,744835450004E0;3,945544135244E-1
7,754435135052E0;4,300062323704E-1
7,783234190196E0;3,410305107599E-1
7,783234190196E0;3,423086935125E-1
7,783234190196E0;3,576468865435E-1
7,783234190196E0;3,589250692961E-1
7,783234190196E0;3,665941658116E-1
7,783234190196E0;3,678723485642E-1
7,805519173343E0;3,395202769719E-1
7,810113308330E0;3,650603465085E-1
7,818318753407E0;3,602945508167E-1
7,818433035372E0;3,644638612239E-1
7,821559789931E0;3,389653326268E-1
7,827413058211E0;3,631342806464E-1
7,828025101622E0;3,617928650433E-1
7,831232615436E0;3,941390041298E-1
7,853631880548E0;3,384741452547E-1
7,885630830708E0;3,380480843372E-1
7,917629780869E0;3,371959625021E-1
7,943228940997E0;3,346395969970E-1
7,956028521061E0;3,218577694711E-1
7,956028521061E0;3,231359522237E-1
7,956028521061E0;3,244141349763E-1
7,956028521061E0;3,256923177289E-1
7,960828363585E0;3,205795867185E-1
7,960828363585E0;3,269705004814E-1
7,975227891157E0;3,193014039659E-1
7,975227891157E0;3,282486832340E-1
7,975575308330E0;3,332652462087E-1
7,984027602451E0;3,180232212133E-1
7,988027471221E0;3,315354388835E-1
7,990427392483E0;3,167450384608E-1
7,993627287499E0;3,154668557082E-1
7,994427261253E0;2,698783375326E-1
7,994427261253E0;2,720086421203E-1
7,994427261253E0;2,732868248729E-1
7,994427261253E0;2,745650076254E-1
7,994427261253E0;2,758431903780E-1
7,994427261253E0;2,771213731306E-1
7,994427261253E0;2,783995558832E-1
7,994427261253E0;2,796777386358E-1
7,994427261253E0;2,809559213884E-1
7,994427261253E0;2,822341041410E-1
7,994427261253E0;2,835122868935E-1
7,994427261253E0;2,847904696461E-1
7,994427261253E0;2,860686523987E-1
7,994427261253E0;2,873468351513E-1
7,994427261253E0;2,886250179039E-1
7,994427261253E0;2,899032006565E-1
7,994427261253E0;2,911813834091E-1
7,994427261253E0;2,924595661616E-1
7,994427261253E0;2,937377489142E-1
7,994427261253E0;2,950159316668E-1
7,994427261253E0;2,962941144194E-1
7,994427261253E0;2,975722971720E-1
7,994427261253E0;2,988504799246E-1
7,994427261253E0;3,001286626771E-1
7,994427261253E0;3,014068454297E-1
7,994427261253E0;3,026850281823E-1
7,994427261253E0;3,039632109349E-1
7,994427261253E0;3,052413936875E-1
7,994427261253E0;3,065195764401E-1
7,994427261253E0;3,077977591927E-1
7,994427261253E0;3,090759419452E-1
7,994427261253E0;3,103541246978E-1
7,994427261253E0;3,116323074504E-1
7,994427261253E0;3,129104902030E-1
7,994427261253E0;3,141886729556E-1
7,994427261253E0;2,711565202852E-1
7,995138349035E0;2,685697218574E-1
7,999167846462E0;2,661621395297E-1
8,007464547804E0;2,670188601176E-1
8,032826001445E0;2,635178566924E-1
8,126471040974E0;2,574557094256E-1
8,126471040974E0;2,574557094256E-1
8,128822851926E0;2,323849767901E-1
8,128822851926E0;2,336631595427E-1
8,128822851926E0;2,349413422953E-1
8,128822851926E0;2,362195250479E-1
8,128822851926E0;2,374977078005E-1
8,128822851926E0;2,387758905530E-1
8,128822851926E0;2,400540733056E-1
8,128822851926E0;2,413322560582E-1
8,128822851926E0;2,426104388108E-1
8,128822851926E0;2,438886215634E-1
8,128822851926E0;2,451668043160E-1
8,128822851926E0;2,464449870686E-1
8,128822851926E0;2,477231698211E-1
8,128822851926E0;2,490013525737E-1
8,128822851926E0;2,503708340944E-1
8,128822851926E0;2,518601452480E-1
8,128822851926E0;2,535267281763E-1
8,128822851926E0;2,547943285717E-1
8,128822851926E0;2,547943285717E-1
8,128822851926E0;2,296718868565E-1
8,128822851926E0;2,296876668905E-1
8,128822851926E0;2,528359008315E-1
8,128822851926E0;2,563534394780E-1
8,129622825680E0;2,311067940375E-1
8,134422668204E0;2,291256107710E-1
8,255805405757E0;2,192964684025E-1
8,256174624413E0;2,192715155341E-1
8,258840564253E0;2,179515779603E-1
8,258840564253E0;2,179515779603E-1
8,263218442599E0;2,175557743909E-1
8,263218442599E0;2,187602659950E-1
8,263986417403E0;2,153595825257E-1
8,263986417403E0;2,153595825257E-1
8,267442304020E0;2,139407996703E-1
8,267442304020E0;2,139407996703E-1
8,270009330911E0;2,121103946285E-1
8,289588189690E0;2,108215120468E-1
8,305437829262E0;2,105488995735E-1
8,331725285897E0;2,093550931040E-1
8,434812812833E0;2,038369932580E-1
8,436012773464E0;1,914831287074E-1
8,436012773464E0;1,927613114600E-1
8,436012773464E0;1,940394942126E-1
8,436012773464E0;1,953176769651E-1
8,436012773464E0;1,965958597177E-1
8,436012773464E0;1,978740424703E-1
8,436012773464E0;1,991522252229E-1
8,436012773464E0;2,005445314355E-1
8,436012773464E0;2,020966104922E-1
8,436012773464E0;2,026697638694E-1
8,437384157042E0;1,900908224947E-1
8,440355488129E0;1,887251450895E-1
8,447783815844E0;1,876076862098E-1
8,461269087698E0;1,864626474939E-1
8,531912657429E0;1,822211453525E-1
8,548151580436E0;1,810223055769E-1
8,561671068378E0;1,796748474518E-1
8,561808206735E0;1,796794123902E-1
8,565845876463E0;1,784487664481E-1
8,565845876463E0;1,784487664481E-1
8,570408364137E0;1,773432320069E-1
8,574849905960E0;1,738026287029E-1
8,574849905960E0;1,738026287029E-1
8,577704124774E0;1,759340355222E-1
8,579661393892E0;1,755662029301E-1
8,587295082835E0;1,727214393720E-1
8,587295082835E0;1,727214393720E-1
8,703837002004E0;1,652180396086E-1
8,703837002004E0;1,652180396086E-1
8,712003718596E0;1,626885116978E-1
8,712003718596E0;1,626885116978E-1
8,723440919115E0;1,615710701095E-1
8,737239254290E0;1,605614348443E-1
8,848743959617E0;1,577303891567E-1
8,886710713982E0;1,576112857639E-1
8,886710713982E0;1,576112857639E-1
8,900637529790E0;1,576964979474E-1
8,919410247218E0;1,576112857639E-1
8,919410247218E0;1,576112857639E-1
8,937253471331E0;1,576379145712E-1
8,958235640079E0;1,576112857639E-1
9,005594086316E0;1,575967609599E-1
9,041176918894E0;1,574439600217E-1
9,087496161131E0;1,563257483883E-1
9,088241631178E0;1,564789841838E-1
9,115084511186E0;1,552579128187E-1
9,126590116609E0;1,538756445048E-1
9,127190096925E0;1,505812806247E-1
9,127190096925E0;1,522429182030E-1
9,143565929953E0;1,472036518424E-1
9,146618030951E0;1,491712218738E-1
9,160714191852E0;1,460521913542E-1
9,160714191852E0;1,460521913542E-1
9,256527978076E0;1,407605179508E-1
9,256562555696E0;1,410282691455E-1
9,258331874937E0;1,396412691861E-1
9,258331874937E0;1,396412691861E-1
9,261585687598E0;1,391938342834E-1
9,261585687598E0;1,391938342834E-1
9,262971136648E0;1,381493536765E-1
9,267254073055E0;1,372354295984E-1
9,276899470889E0;1,362818646878E-1
9,457163270977E0;1,314440444123E-1
9,457163270977E0;1,314440444123E-1
9,492582553365E0;1,314085393359E-1
9,492582553365E0;1,314085393359E-1
9,547290599742E0;1,314085393359E-1
9,547290599742E0;1,314085393359E-1
9,585780765506E0;1,314085393359E-1
9,585780765506E0;1,314085393359E-1
9,626373719424E0;1,314085393359E-1
9,647013042277E0;1,314085393359E-1
9,647013042277E0;1,314085393359E-1
9,682417594990E0;1,314085393359E-1
9,716656471662E0;1,314085393359E-1
9,744998398947E0;1,314085393359E-1
9,808310607478E0;1,314085393359E-1
9,853078662511E0;1,312629685224E-1
9,906888152510E0;1,305825621480E-1
9,942156490356E0;1,294637756705E-1
9,962584911038E0;1,282938142354E-1
9,971362400839E0;1,270338067005E-1
9,971962381154E0;1,254010803987E-1
9,971962381154E0;1,268309205493E-1
9,972660540067E0;1,232694201627E-1
9,974144127756E0;1,229270221163E-1
9,986150926637E0;1,219027095278E-1
9,997594786945E0;1,223799211653E-1
1,000957681141E1;1,209265096875E-1
1,003593607790E1;1,208507625686E-1
1,007450028667E1;1,199466745350E-1
1,010770914162E1;1,194644950565E-1
1,014326481291E1;1,192658031863E-1
1,016395608212E1;1,192924319937E-1
1,018245452283E1;1,192658031863E-1
1,021584009416E1;1,192658031863E-1
1,024075356250E1;1,192658031863E-1
1,027915230269E1;1,192658031863E-1
1,031755104288E1;1,192658031863E-1
1,035594978308E1;1,192658031863E-1
1,039434852327E1;1,192658031863E-1
1,043274726346E1;1,192658031863E-1
1,047114600365E1;1,192658031863E-1
1,050954474385E1;1,192658031863E-1
1,054794348404E1;1,192658031863E-1
1,058634222423E1;1,192658031863E-1
1,062474096442E1;1,192658031863E-1
1,066313970461E1;1,192658031863E-1
1,070153844481E1;1,192658031863E-1
1,073993718500E1;1,192658031863E-1
1,077833592519E1;1,192658031863E-1
1,081673466538E1;1,192658031863E-1
1,085513340558E1;1,192658031863E-1
1,089353214577E1;1,192658031863E-1
1,093193088596E1;1,192658031863E-1
1,097032962615E1;1,192658031863E-1
1,100872836635E1;1,192658031863E-1
1,104712710654E1;1,192658031863E-1
1,108552584673E1;1,192658031863E-1
1,112392458692E1;1,192658031863E-1
1,116232332711E1;1,192658031863E-1
1,120072206731E1;1,192658031863E-1
1,123912080750E1;1,192658031863E-1
1,127751954769E1;1,192658031863E-1
1,131591828788E1;1,192658031863E-1
1,135431702808E1;1,192658031863E-1
1,139271576827E1;1,192658031863E-1
1,143111450846E1;1,192658031863E-1
1,146951324865E1;1,192658031863E-1
1,150791198884E1;1,192658031863E-1
1,154631072904E1;1,192658031863E-1
1,158470946923E1;1,192658031863E-1
1,162310820942E1;1,192658031863E-1
1,166356402498E1;1,192658031863E-1
1,170641976180E1;1,192658031863E-1
1,174757650675E1;1,192356238713E-1
1,178761536629E1;1,187499882021E-1
1,182613669986E1;1,177920197398E-1
1,186414757399E1;1,160458962181E-1
1,187156672452E1;1,154290358613E-1
1,187270002067E1;1,127531577327E-1
1,187270002067E1;1,140229714315E-1
1,187365998918E1;1,110694562854E-1
1,188573730722E1;1,098023815495E-1
1,192309836717E1;1,058448842842E-1
1,199379245539E1;1,012209262297E-1
1,200146409447E1;1,001151594626E-1
1,200146409447E1;1,001151594626E-1
1,200709561134E1;9,817578776865E-2
1,200709561134E1;9,817578776865E-2
1,200709561134E1;9,998908274503E-2
1,201731394276E1;9,646870369242E-2
1,202256431019E1;9,616501693842E-2
1,204277698037E1;9,515667276694E-2
1,204471004160E1;9,408467188319E-2
1,208435681278E1;9,369487642182E-2
1,212738137523E1;9,273224503628E-2
1,215863349675E1;9,254569707274E-2
1,217839804310E1;9,242396538201E-2
1,219908931231E1;9,245059418936E-2
1,221758775302E1;9,242396538201E-2
1,225097332435E1;9,242396538201E-2
1,227588679269E1;9,242396538201E-2
1,231428553288E1;9,242396538201E-2
1,235268427307E1;9,242396538201E-2
1,239108301327E1;9,242396538201E-2
1,242948175346E1;9,242396538201E-2
1,246788049365E1;9,242396538201E-2
1,250627923384E1;9,242396538201E-2
1,254467797404E1;9,242396538201E-2
1,258307671423E1;9,242396538201E-2
1,262353252979E1;9,242396538201E-2
1,266638826661E1;9,242396538201E-2
1,270754501155E1;9,242396538201E-2
1,275405595313E1;9,191257124095E-2
1,278828210294E1;9,116434210121E-2
1,281880231374E1;9,001405831724E-2
1,285126791526E1;8,741014137038E-2
1,285186789557E1;8,577741506857E-2
1,285186789557E1;8,720725521918E-2
1,285404964218E1;8,330335678610E-2
1,285666773810E1;8,411577749021E-2
1,286605644106E1;8,227202121546E-2
1,287381003283E1;8,256369843350E-2
1,288948232583E1;8,126366462961E-2
1,293858999947E1;7,963095901840E-2
1,295883581468E1;7,973343662420E-2
1,297352393307E1;7,909019530391E-2
1,301117695459E1;7,900304647987E-2
1,304386159653E1;7,900304647987E-2
1,308226033673E1;7,900304647987E-2
1,312065907692E1;7,900304647987E-2
1,315905781711E1;7,900304647987E-2
1,319745655730E1;7,900304647987E-2
1,323585529750E1;7,900304647987E-2
1,327425403769E1;7,900304647987E-2
1,331265277788E1;7,900304647987E-2
1,335105151807E1;7,900304647987E-2
1,338945025826E1;7,900304647987E-2
1,342784899846E1;7,900304647987E-2
1,346624773865E1;7,900304647987E-2
1,350464647884E1;7,900304647987E-2
1,354304521903E1;7,900304647987E-2
1,358144395923E1;7,900304647987E-2
1,361984269942E1;7,900304647987E-2
1,365824143961E1;7,900304647987E-2
1,369664017980E1;7,900304647987E-2
1,373503892000E1;7,900304647987E-2
1,377343766019E1;7,900304647987E-2
1,381183640038E1;7,900304647987E-2
1,385023514057E1;7,900304647987E-2
1,388863388076E1;7,900304647987E-2
1,392703262096E1;7,900304647987E-2
1,396543136115E1;7,900304647987E-2
1,400383010134E1;7,900304647987E-2
1,404222884153E1;7,900304647987E-2
1,408062758173E1;7,900304647987E-2
1,411902632192E1;7,900304647987E-2
1,415742506211E1;7,900304647987E-2
1,419582380230E1;7,900304647987E-2
1,423422254249E1;7,900304647987E-2
1,427262128269E1;7,900304647987E-2
1,431102002288E1;7,900304647987E-2
1,434941876307E1;7,900304647987E-2
1,438781750326E1;7,900304647987E-2
1,442621624346E1;7,900304647987E-2
1,446461498365E1;7,900304647987E-2
1,450301372384E1;7,900304647987E-2
1,454141246403E1;7,900304647987E-2
1,457981120422E1;7,900304647987E-2
1,461820994442E1;7,900304647987E-2
1,465660868461E1;7,900304647987E-2
1,469500742480E1;7,900304647987E-2
1,473340616499E1;7,900304647987E-2
1,477180490519E1;7,900304647987E-2
1,481020364538E1;7,900304647987E-2
1,484860238557E1;7,900304647987E-2
1,488700112576E1;7,900304647987E-2
1,492539986596E1;7,900304647987E-2
1,496379860615E1;7,900304647987E-2
1,503803617052E1;7,812252058364E-2
1,520750261057E1;7,848325216048E-2
1,527098852769E1;7,900304647987E-2
1,530938726788E1;7,900304647987E-2
1,534778600807E1;7,900304647987E-2
1,538618474826E1;7,900304647987E-2
1,542458348845E1;7,900304647987E-2
1,546298222865E1;7,900304647987E-2
1,550138096884E1;7,900304647987E-2
1,553977970903E1;7,900304647987E-2
1,557817844922E1;7,900304647987E-2
1,561657718942E1;7,900304647987E-2
1,565497592961E1;7,900304647987E-2
1,569337466980E1;7,900304647987E-2
1,573177340999E1;7,900304647987E-2
1,577017215018E1;7,900304647987E-2
1,580857089038E1;7,900304647987E-2
1,584696963057E1;7,900304647987E-2
1,588536837076E1;7,900304647987E-2
1,592376711095E1;7,900304647987E-2
1,596216585115E1;7,900304647987E-2
1,600056459134E1;7,900304647987E-2
1,603896333153E1;7,900304647987E-2
1,607736207172E1;7,900304647987E-2
1,611576081192E1;7,900304647987E-2
1,615415955211E1;7,900304647987E-2
1,619255829230E1;7,900304647987E-2
1,623095703249E1;7,900304647987E-2
1,626935577268E1;7,900304647987E-2
1,630775451288E1;7,900304647987E-2
1,634615325307E1;7,900304647987E-2
1,638455199326E1;7,900304647987E-2
1,642295073345E1;7,900304647987E-2
1,646134947365E1;7,900304647987E-2
1,649974821384E1;7,900304647987E-2
1,653814695403E1;7,900304647987E-2
1,657654569422E1;7,900304647987E-2
1,661494443441E1;7,900304647987E-2
1,665334317461E1;7,900304647987E-2
1,669174191480E1;7,900304647987E-2
1,673014065499E1;7,900304647987E-2
1,676853939518E1;7,900304647987E-2
1,680693813538E1;7,900304647987E-2
1,684533687557E1;7,900304647987E-2
1,688373561576E1;7,900304647987E-2
1,692213435595E1;7,900304647987E-2
1,696053309614E1;7,900304647987E-2
1,699893183634E1;7,900304647987E-2
1,703733057653E1;7,900304647987E-2
1,707572931672E1;7,900304647987E-2
1,711412805691E1;7,884327363579E-2
1,718772564228E1;7,802665687720E-2
1,812580686518E1;7,848325216048E-2
1,818929278230E1;7,900304647987E-2
1,822769152249E1;7,900304647987E-2
1,828315636943E1;7,900304647987E-2
1,829880030062E1;7,956521019049E-2
1,903768399541E1;7,971251398986E-2
1,909934292485E1;7,925868303038E-2
1,914926128710E1;7,900304647987E-2
1,918766002730E1;7,900304647987E-2
1,922605876749E1;7,900304647987E-2
1,926445750768E1;7,900304647987E-2
1,930285624787E1;7,900304647987E-2
1,934125498806E1;7,900304647987E-2
1,937965372826E1;7,900304647987E-2
1,941805246845E1;7,900304647987E-2
1,945645120864E1;7,900304647987E-2
1,949484994883E1;7,900304647987E-2
1,953324868903E1;7,900304647987E-2
1,957164742922E1;7,900304647987E-2
1,961004616941E1;7,900304647987E-2
1,964844490960E1;7,900304647987E-2
1,968684364979E1;7,900304647987E-2
1,972524238999E1;7,900304647987E-2
1,976364113018E1;7,900304647987E-2
1,980203987037E1;7,900304647987E-2
1,984043861056E1;7,900304647987E-2
1,987883735076E1;7,900304647987E-2
1,991723609095E1;7,900304647987E-2
1,995563483114E1;7,900304647987E-2
1,999403357133E1;7,900304647987E-2
2,003243231152E1;7,900304647987E-2
2,007083105172E1;7,900304647987E-2
2,010922979191E1;7,900304647987E-2
2,014762853210E1;7,900304647987E-2
2,018602727229E1;7,900304647987E-2
2,022442601249E1;7,900304647987E-2
2,026282475268E1;7,900304647987E-2
2,030122349287E1;7,900304647987E-2
2,033962223306E1;7,900304647987E-2
2,037802097326E1;7,900304647987E-2
2,041641971345E1;7,900304647987E-2
2,045481845364E1;7,900304647987E-2
2,049321719383E1;7,900304647987E-2
2,053161593402E1;7,900304647987E-2
2,057001467422E1;7,900304647987E-2
2,060841341441E1;7,900304647987E-2
2,064681215460E1;7,900304647987E-2
2,068521089479E1;7,900304647987E-2
2,072360963499E1;7,900304647987E-2
2,076200837518E1;7,900304647987E-2
2,080040711537E1;7,900304647987E-2
2,083880585556E1;7,900304647987E-2
2,087720459575E1;7,900304647987E-2
2,091560333595E1;7,900304647987E-2
2,095400207614E1;7,900304647987E-2
2,104615905260E1;7,900304647987E-2
2,110759703691E1;7,900304647987E-2
2,114599577710E1;7,900304647987E-2
2,118439451729E1;7,900304647987E-2
2,122279325748E1;7,900304647987E-2
2,126119199768E1;7,900304647987E-2
2,129959073787E1;7,900304647987E-2
2,133798947806E1;7,900304647987E-2
2,137638821825E1;7,900304647987E-2
2,141478695845E1;7,900304647987E-2
2,145318569864E1;7,900304647987E-2
2,149158443883E1;7,900304647987E-2
2,152998317902E1;7,900304647987E-2
2,156838191922E1;7,900304647987E-2
2,160678065941E1;7,900304647987E-2
2,164517939960E1;7,900304647987E-2
2,168357813979E1;7,900304647987E-2
2,172197687998E1;7,900304647987E-2
2,176037562018E1;7,900304647987E-2
2,179877436037E1;7,900304647987E-2
2,183717310056E1;7,900304647987E-2
2,187557184075E1;7,900304647987E-2
2,191397058095E1;7,900304647987E-2
2,195236932114E1;7,900304647987E-2
2,199076806133E1;7,900304647987E-2
2,202916680152E1;7,900304647987E-2
2,206756554171E1;7,900304647987E-2
2,210596428191E1;7,900304647987E-2
2,214436302210E1;7,900304647987E-2
2,218276176229E1;7,900304647987E-2
2,223268012454E1;7,900304647987E-2
2,231119391225E1;7,886091089780E-2
2,234541824395E1;7,838138486838E-2
2,238560601635E1;7,721843222758E-2
2,241460177500E1;7,595802506847E-2
2,243164248576E1;7,441972152032E-2
2,243235357354E1;7,140242404039E-2
2,243235357354E1;7,282896729104E-2
2,243315354729E1;7,005576721177E-2
2,243890573953E1;6,774286508804E-2
2,248049808789E1;6,451894384708E-2
2,250822061048E1;6,385367590093E-2
2,253861913659E1;6,326424197423E-2
2,258047569799E1;6,302576207255E-2
2,261943315001E1;6,302576207255E-2
2,272034412498E1;6,302576207255E-2
2,275874286518E1;6,302576207255E-2
2,279714160537E1;6,302576207255E-2
2,283554034556E1;6,302576207255E-2
2,287393908575E1;6,302576207255E-2
2,291233782594E1;6,302576207255E-2
2,295073656614E1;6,302576207255E-2
2,298913530633E1;6,302576207255E-2
2,302753404652E1;6,302576207255E-2
2,306593278671E1;6,302576207255E-2
2,310433152691E1;6,302576207255E-2
2,314273026710E1;6,302576207255E-2
2,318112900729E1;6,302576207255E-2
2,321952774748E1;6,302576207255E-2
2,325792648767E1;6,302576207255E-2
2,329632522787E1;6,302576207255E-2
2,333472396806E1;6,302576207255E-2
2,337312270825E1;6,302576207255E-2
2,341152144844E1;6,302576207255E-2
2,344992018864E1;6,302576207255E-2
2,348831892883E1;6,302576207255E-2
2,352671766902E1;6,302576207255E-2
2,356511640921E1;6,302576207255E-2
2,360351514940E1;6,302576207255E-2
2,364191388960E1;6,302576207255E-2
2,368031262979E1;6,302576207255E-2
2,371871136998E1;6,302576207255E-2
2,375711011017E1;6,302576207255E-2
2,379550885037E1;6,302576207255E-2
2,383390759056E1;6,302576207255E-2
2,387230633075E1;6,302576207255E-2
2,391070507094E1;6,302576207255E-2
2,394910381113E1;6,302576207255E-2
2,398750255133E1;6,302576207255E-2
2,402590129152E1;6,302576207255E-2
2,406430003171E1;6,302576207255E-2
2,410269877190E1;6,302576207255E-2
2,414109751210E1;6,302576207255E-2
2,417949625229E1;6,302576207255E-2
2,421789499248E1;6,302576207255E-2
2,425629373267E1;6,302576207255E-2
2,429469247287E1;6,302576207255E-2
2,433309121306E1;6,302576207255E-2
2,437148995325E1;6,302576207255E-2
2,440988869344E1;6,302576207255E-2
2,444828743363E1;6,302576207255E-2
2,448668617383E1;6,302576207255E-2
2,452508491402E1;6,302576207255E-2
2,456348365421E1;6,302576207255E-2
2,460188239440E1;6,302576207255E-2
2,464028113460E1;6,302576207255E-2
2,467867987479E1;6,302576207255E-2
2,471707861498E1;6,302576207255E-2
2,475547735517E1;6,302576207255E-2
2,479387609536E1;6,302576207255E-2
2,483227483556E1;6,302576207255E-2
2,487067357575E1;6,302576207255E-2
2,490907231594E1;6,302576207255E-2
2,494747105613E1;6,302576207255E-2
2,498586979633E1;6,302576207255E-2
2,502426853652E1;6,302576207255E-2
2,506266727671E1;6,302576207255E-2
2,510106601690E1;6,302576207255E-2
2,513946475709E1;6,302576207255E-2
2,517786349729E1;6,302576207255E-2
2,521242236346E1;6,302576207255E-2
2,525594093568E1;6,302576207255E-2
2,559896968140E1;6,302576207255E-2
2,564248825361E1;6,302576207255E-2
2,570264627991E1;6,302576207255E-2
2,577578673742E1;6,302576207255E-2
2,583064208056E1;6,302576207255E-2
2,588549742369E1;6,302576207255E-2
2,598423704132E1;6,302576207255E-2
2,602263578152E1;6,302576207255E-2
2,606103452171E1;6,302576207255E-2
2,609943326190E1;6,302576207255E-2
2,613783200209E1;6,302576207255E-2
2,617623074229E1;6,302576207255E-2
2,621462948248E1;6,302576207255E-2
2,625302822267E1;6,302576207255E-2
2,629142696286E1;6,302576207255E-2
2,632982570305E1;6,302576207255E-2
2,636822444325E1;6,302576207255E-2
2,640662318344E1;6,302576207255E-2
2,644502192363E1;6,302576207255E-2
2,648342066382E1;6,302576207255E-2
2,652181940402E1;6,302576207255E-2
2,656021814421E1;6,302576207255E-2
2,659861688440E1;6,302576207255E-2
2,663701562459E1;6,302576207255E-2
2,667541436478E1;6,302576207255E-2
2,671381310498E1;6,302576207255E-2
2,675221184517E1;6,302576207255E-2
2,679061058536E1;6,302576207255E-2
2,682900932555E1;6,302576207255E-2
2,686740806575E1;6,302576207255E-2
2,690580680594E1;6,302576207255E-2
2,694420554613E1;6,302576207255E-2
2,698260428632E1;6,302576207255E-2
2,702100302652E1;6,302576207255E-2
2,705940176671E1;6,302576207255E-2
2,709780050690E1;6,302576207255E-2
2,713619924709E1;6,302576207255E-2
2,717459798728E1;6,302576207255E-2
2,721299672748E1;6,302576207255E-2
2,725139546767E1;6,302576207255E-2
2,728979420786E1;6,302576207255E-2
2,732819294805E1;6,302576207255E-2
2,736659168825E1;6,302576207255E-2
2,740499042844E1;6,302576207255E-2
2,744338916863E1;6,302576207255E-2
2,748178790882E1;6,302576207255E-2
2,752018664901E1;6,302576207255E-2
2,755858538921E1;6,302576207255E-2
2,759698412940E1;6,302576207255E-2
2,763538286959E1;6,302576207255E-2
2,767378160978E1;6,302576207255E-2
2,771218034998E1;6,302576207255E-2
2,775057909017E1;6,302576207255E-2
2,778897783036E1;6,302576207255E-2
2,782737657055E1;6,302576207255E-2
2,786577531074E1;6,302576207255E-2
2,790417405094E1;6,302576207255E-2
2,794257279113E1;6,302576207255E-2
2,798097153132E1;6,302576207255E-2
2,801937027151E1;6,302576207255E-2
2,805776901171E1;6,302576207255E-2
2,809616775190E1;6,302576207255E-2
2,813456649209E1;6,302576207255E-2
2,817296523228E1;6,302576207255E-2
2,821136397248E1;6,302576207255E-2
2,824976271267E1;6,302576207255E-2
2,828816145286E1;6,302576207255E-2
2,832656019305E1;6,302576207255E-2
2,836495893324E1;6,302576207255E-2
2,840335767344E1;6,302576207255E-2
2,844175641363E1;6,302576207255E-2
2,848015515382E1;6,302576207255E-2
2,851855389401E1;6,302576207255E-2
2,855695263421E1;6,302576207255E-2
2,859535137440E1;6,302576207255E-2
2,863375011459E1;6,302576207255E-2
2,867214885478E1;6,302576207255E-2
2,871054759497E1;6,302576207255E-2
2,874894633517E1;6,302576207255E-2
2,878734507536E1;6,302576207255E-2
2,882574381555E1;6,302576207255E-2
2,886414255574E1;6,302576207255E-2
2,890254129594E1;6,302576207255E-2
2,894094003613E1;6,302576207255E-2
2,897933877632E1;6,302576207255E-2
2,901773751651E1;6,302576207255E-2
2,905613625670E1;6,302576207255E-2
2,909453499690E1;6,302576207255E-2
2,913293373709E1;6,302576207255E-2
2,917133247728E1;6,302576207255E-2
2,920973121747E1;6,302576207255E-2
2,924812995767E1;6,302576207255E-2
2,928652869786E1;6,302576207255E-2
2,932492743805E1;6,302576207255E-2
2,936332617824E1;6,302576207255E-2
2,940172491844E1;6,302576207255E-2
2,944012365863E1;6,302576207255E-2
2,947852239882E1;6,302576207255E-2
2,951692113901E1;6,302576207255E-2
2,955531987920E1;6,302576207255E-2
2,959371861940E1;6,302576207255E-2
2,963211735959E1;6,302576207255E-2
2,967051609978E1;6,302576207255E-2
2,970891483997E1;6,302576207255E-2
2,974731358017E1;6,302576207255E-2
2,978571232036E1;6,302576207255E-2
2,982411106055E1;6,302576207255E-2
2,986250980074E1;6,302576207255E-2
2,990090854093E1;6,302576207255E-2
2,993930728113E1;6,302576207255E-2
2,997770602132E1;6,302576207255E-2
3,001610476151E1;6,302576207255E-2
3,005450350170E1;6,302576207255E-2
3,009290224190E1;6,302576207255E-2
3,013130098209E1;6,302576207255E-2
3,016969972228E1;6,302576207255E-2
3,020809846247E1;6,302576207255E-2
3,024649720266E1;6,302576207255E-2
3,028489594286E1;6,302576207255E-2
3,032329468305E1;6,302576207255E-2
3,036169342324E1;6,302576207255E-2
3,040009216343E1;6,302576207255E-2
3,043849090363E1;6,302576207255E-2
3,047688964382E1;6,302576207255E-2
3,051528838401E1;6,302576207255E-2
3,055368712420E1;6,302576207255E-2
3,059208586439E1;6,302576207255E-2
3,063048460459E1;6,302576207255E-2
3,066888334478E1;6,302576207255E-2
3,070728208497E1;6,302576207255E-2
3,074568082516E1;6,302576207255E-2
3,078407956536E1;6,302576207255E-2
3,082247830555E1;6,302576207255E-2
3,086087704574E1;6,302576207255E-2
3,089927578593E1;6,302576207255E-2
3,093767452613E1;6,302576207255E-2
3,097607326632E1;6,302576207255E-2
3,101447200651E1;6,302576207255E-2
3,105287074670E1;6,302576207255E-2
3,109126948689E1;6,302576207255E-2
3,112966822709E1;6,302576207255E-2
3,116806696728E1;6,302576207255E-2
3,120646570747E1;6,302576207255E-2
3,124486444766E1;6,302576207255E-2
3,128326318786E1;6,302576207255E-2
3,132166192805E1;6,302576207255E-2
3,136006066824E1;6,302576207255E-2
3,139845940843E1;6,302576207255E-2
3,143685814862E1;6,302576207255E-2
3,147731396418E1;6,302576207255E-2
3,151776977974E1;6,302576207255E-2
3,155091154955E1;6,299025699609E-2
3,158520528157E1;6,287522054836E-2
3,162211683246E1;6,273157715330E-2
3,167042508880E1;6,252260441756E-2
3,178913749993E1;4,459741698911E-2
3,182817621913E1;4,295224085529E-2
3,183795044391E1;4,142488854825E-2
3,184004492064E1;4,018204948542E-2
3,184659708663E1;3,706647902599E-2
3,189808080424E1;3,335800684090E-2
3,192687811573E1;3,270420686354E-2
3,196950353043E1;3,236535329491E-2
3,200632517951E1;3,234937601050E-2
3,204918091633E1;3,234937601050E-2
3,208963673189E1;3,234937601050E-2
3,212803547209E1;3,234937601050E-2
3,216643421228E1;3,234937601050E-2
3,220483295247E1;3,234937601050E-2
3,224323169266E1;3,234937601050E-2
3,228163043285E1;3,234937601050E-2
3,232002917305E1;3,234937601050E-2
3,235842791324E1;3,234937601050E-2
3,239682665343E1;3,234937601050E-2
3,243522539362E1;3,234937601050E-2
3,247362413382E1;3,234937601050E-2
3,251202287401E1;3,234937601050E-2
3,255042161420E1;3,234937601050E-2
3,258882035439E1;3,234937601050E-2
3,262721909458E1;3,234937601050E-2
3,266561783478E1;3,234937601050E-2
3,270401657497E1;3,234937601050E-2
3,274241531516E1;3,234937601050E-2
3,278081405535E1;3,234937601050E-2
3,281921279555E1;3,234937601050E-2
3,285761153574E1;3,234937601050E-2
3,289601027593E1;3,234937601050E-2
3,293440901612E1;3,234937601050E-2
3,297280775631E1;3,234937601050E-2
3,301120649651E1;3,234937601050E-2
3,304960523670E1;3,234937601050E-2
3,308800397689E1;3,234937601050E-2
3,312640271708E1;3,234937601050E-2
3,316480145728E1;3,234937601050E-2
3,320320019747E1;3,234937601050E-2
3,324159893766E1;3,234937601050E-2
3,327999767785E1;3,234937601050E-2
3,331839641804E1;3,234937601050E-2
3,335679515824E1;3,234937601050E-2
3,339519389843E1;3,234937601050E-2
3,343359263862E1;3,234937601050E-2
3,347199137881E1;3,234937601050E-2
3,351039011901E1;3,234937601050E-2
3,354878885920E1;3,234937601050E-2
3,358718759939E1;3,234937601050E-2
3,362558633958E1;3,234937601050E-2
3,366398507978E1;3,234937601050E-2
3,370238381997E1;3,234937601050E-2
3,374078256016E1;3,234937601050E-2
3,377918130035E1;3,234937601050E-2
3,381758004054E1;3,234937601050E-2
3,385597878074E1;3,234937601050E-2
3,389437752093E1;3,234937601050E-2
3,393277626112E1;3,234937601050E-2
3,397117500131E1;3,234937601050E-2
3,400957374151E1;3,234937601050E-2
3,404797248170E1;3,234937601050E-2
3,408637122189E1;3,234937601050E-2
3,412476996208E1;3,234937601050E-2
3,416316870227E1;3,234937601050E-2
3,420156744247E1;3,234937601050E-2
3,423996618266E1;3,234937601050E-2
3,427836492285E1;3,234937601050E-2
3,431676366304E1;3,234937601050E-2
3,435516240324E1;3,234937601050E-2
3,439356114343E1;3,234937601050E-2
3,443195988362E1;3,234937601050E-2
3,447035862381E1;3,234937601050E-2
3,450875736400E1;3,234937601050E-2
3,454715610420E1;3,234937601050E-2
3,458555484439E1;3,234937601050E-2
3,462395358458E1;3,234937601050E-2
3,466235232477E1;3,234937601050E-2
3,470075106497E1;3,234937601050E-2
3,473914980516E1;3,234937601050E-2
3,477754854535E1;3,234937601050E-2
3,481594728554E1;3,234937601050E-2
3,485434602574E1;3,234937601050E-2
3,489274476593E1;3,234937601050E-2
3,493114350612E1;3,234937601050E-2
3,496954224631E1;3,234937601050E-2
3,500794098650E1;3,234937601050E-2
3,504633972670E1;3,234937601050E-2
3,508473846689E1;3,234937601050E-2
3,512313720708E1;3,234937601050E-2
3,516153594727E1;3,234937601050E-2
3,519993468747E1;3,234937601050E-2
3,523833342766E1;3,234937601050E-2
3,527673216785E1;3,234937601050E-2
3,531513090804E1;3,234937601050E-2
3,535352964823E1;3,234937601050E-2
3,539192838843E1;3,234937601050E-2
3,543032712862E1;3,234937601050E-2
3,546872586881E1;3,234937601050E-2
3,550712460900E1;3,234937601050E-2
3,554552334920E1;3,234937601050E-2
3,558392208939E1;3,234937601050E-2
3,562232082958E1;3,234937601050E-2
3,566071956977E1;3,234937601050E-2
3,569911830996E1;3,234937601050E-2
3,573751705016E1;3,234937601050E-2
3,577591579035E1;3,234937601050E-2
3,581431453054E1;3,234937601050E-2
3,585271327073E1;3,234937601050E-2
3,589111201093E1;3,234937601050E-2
3,592951075112E1;3,234937601050E-2
3,596790949131E1;3,234937601050E-2
3,603190739163E1;3,234937601050E-2
3,613814390616E1;3,213101979026E-2
3,686255442500E1;3,224514325032E-2
3,692787799612E1;3,234937601050E-2
3,702131493058E1;3,213101979026E-2
3,812971285135E1;3,224514325032E-2
3,823343516265E1;3,232274720315E-2
3,829935299998E1;3,215232283614E-2
3,833583180317E1;3,192331509297E-2
3,932139946810E1;3,192331509297E-2
3,938923724244E1;3,226416382699E-2
3,942379610861E1;3,232274720315E-2
3,946219484881E1;3,234937601050E-2
3,950059358900E1;3,232274720315E-2
3,956651142633E1;3,215232283614E-2
3,960299022951E1;3,192331509297E-2
4,062563096385E1;3,224514325032E-2
4,071655369509E1;3,234937601050E-2
4,082279020962E1;3,213101979026E-2
4,189411506098E1;3,192331509297E-2
4,193059386416E1;3,215232283614E-2
4,198371212143E1;3,231387093404E-2
4,208994863596E1;3,213101979026E-2
4,308315033615E1;3,224514325032E-2
4,318687264745E1;3,234937601050E-2
4,322527138765E1;3,234937601050E-2
4,326367012784E1;3,234937601050E-2
4,330206886803E1;3,234937601050E-2
4,334046760822E1;3,234937601050E-2
4,337886634842E1;3,234937601050E-2
4,341726508861E1;3,234937601050E-2
4,345566382880E1;3,234937601050E-2
4,349406256899E1;3,234937601050E-2
4,353246130918E1;3,234937601050E-2
4,357086004938E1;3,234937601050E-2
4,360925878957E1;3,234937601050E-2
4,364765752976E1;3,234937601050E-2
4,368605626995E1;3,234937601050E-2
4,372445501015E1;3,234937601050E-2
4,376285375034E1;3,234937601050E-2
4,380125249053E1;3,234937601050E-2
4,383965123072E1;3,234937601050E-2
4,387804997091E1;3,234937601050E-2
4,391644871111E1;3,234937601050E-2
4,395484745130E1;3,234937601050E-2
4,399324619149E1;3,234937601050E-2
4,403164493168E1;3,234937601050E-2
4,407004367188E1;3,234937601050E-2
4,410844241207E1;3,234937601050E-2
4,414684115226E1;3,234937601050E-2
4,418729696782E1;3,234937601050E-2
4,423015270464E1;3,234937601050E-2
4,427130944959E1;3,234937601050E-2
4,430743475121E1;3,202770214594E-2
4,433825947712E1;3,129336896364E-2
4,436470875181E1;3,041294927919E-2
4,438676934450E1;2,938688350685E-2
4,439643296351E1;2,404118811869E-2
4,439643296351E1;2,538784494731E-2
4,439643296351E1;2,681438819796E-2
4,439643296351E1;2,818437693397E-2
4,439723293726E1;2,276300536611E-2
4,439963285853E1;2,148482261352E-2
4,440363272730E1;2,020663986094E-2
4,441307241759E1;1,793786547510E-2
